,DocNum,PageName,NumLines
0,1,Sachin,3
1,1,Amitabh,1
2,1,Modi,0
3,1,Beatles,4
4,1,RStones,2
5,2,Sachin,4
6,2,Amitabh,0
7,2,Modi,3
8,2,Beatles,2
9,2,RStones,1
10,3,Sachin,1
11,3,Amitabh,2
12,3,Modi,4
13,3,Beatles,3
14,3,RStones,0
15,4,Sachin,2
16,4,Amitabh,4
17,4,Modi,3
18,4,Beatles,0
19,4,RStones,1
20,5,Sachin,2
21,5,Amitabh,1
22,5,Modi,0
23,5,Beatles,4
24,5,RStones,3
25,6,Sachin,4
26,6,Amitabh,2
27,6,Modi,3
28,6,Beatles,1
29,6,RStones,0
30,7,Sachin,4
31,7,Amitabh,1
32,7,Modi,3
33,7,Beatles,0
34,7,RStones,2
35,8,Sachin,0
36,8,Amitabh,1
37,8,Modi,3
38,8,Beatles,4
39,8,RStones,2
40,9,Sachin,0
41,9,Amitabh,4
42,9,Modi,3
43,9,Beatles,1
44,9,RStones,2
45,10,Sachin,2
46,10,Amitabh,4
47,10,Modi,1
48,10,Beatles,0
49,10,RStones,3
50,11,Sachin,0
51,11,Amitabh,1
52,11,Modi,4
53,11,Beatles,3
54,11,RStones,2
55,12,Sachin,2
56,12,Amitabh,4
57,12,Modi,3
58,12,Beatles,1
59,12,RStones,0
60,13,Sachin,1
61,13,Amitabh,2
62,13,Modi,3
63,13,Beatles,0
64,13,RStones,4
65,14,Sachin,3
66,14,Amitabh,1
67,14,Modi,4
68,14,Beatles,0
69,14,RStones,2
70,15,Sachin,3
71,15,Amitabh,4
72,15,Modi,0
73,15,Beatles,1
74,15,RStones,2
75,16,Sachin,0
76,16,Amitabh,1
77,16,Modi,2
78,16,Beatles,3
79,16,RStones,4
80,17,Sachin,4
81,17,Amitabh,2
82,17,Modi,3
83,17,Beatles,1
84,17,RStones,0
85,18,Sachin,0
86,18,Amitabh,3
87,18,Modi,1
88,18,Beatles,2
89,18,RStones,4
90,19,Sachin,0
91,19,Amitabh,2
92,19,Modi,4
93,19,Beatles,1
94,19,RStones,3
95,20,Sachin,0
96,20,Amitabh,4
97,20,Modi,1
98,20,Beatles,2
99,20,RStones,3
100,21,Sachin,2
101,21,Amitabh,3
102,21,Modi,0
103,21,Beatles,1
104,21,RStones,4
105,22,Sachin,1
106,22,Amitabh,3
107,22,Modi,4
108,22,Beatles,2
109,22,RStones,0
110,23,Sachin,2
111,23,Amitabh,0
112,23,Modi,1
113,23,Beatles,4
114,23,RStones,3
115,24,Sachin,2
116,24,Amitabh,1
117,24,Modi,4
118,24,Beatles,3
119,24,RStones,0
120,25,Sachin,2
121,25,Amitabh,1
122,25,Modi,3
123,25,Beatles,4
124,25,RStones,0
125,26,Sachin,0
126,26,Amitabh,2
127,26,Modi,4
128,26,Beatles,1
129,26,RStones,3
130,27,Sachin,1
131,27,Amitabh,3
132,27,Modi,0
133,27,Beatles,4
134,27,RStones,2
135,28,Sachin,2
136,28,Amitabh,1
137,28,Modi,4
138,28,Beatles,3
139,28,RStones,0
140,29,Sachin,1
141,29,Amitabh,0
142,29,Modi,4
143,29,Beatles,3
144,29,RStones,2
145,30,Sachin,2
146,30,Amitabh,4
147,30,Modi,0
148,30,Beatles,1
149,30,RStones,3
150,31,Sachin,3
151,31,Amitabh,1
152,31,Modi,0
153,31,Beatles,4
154,31,RStones,2
155,32,Sachin,0
156,32,Amitabh,2
157,32,Modi,1
158,32,Beatles,4
159,32,RStones,3
160,33,Sachin,4
161,33,Amitabh,1
162,33,Modi,3
163,33,Beatles,2
164,33,RStones,0
165,34,Sachin,2
166,34,Amitabh,0
167,34,Modi,4
168,34,Beatles,3
169,34,RStones,1
170,35,Sachin,3
171,35,Amitabh,1
172,35,Modi,4
173,35,Beatles,0
174,35,RStones,2
175,36,Sachin,3
176,36,Amitabh,4
177,36,Modi,2
178,36,Beatles,0
179,36,RStones,1
180,37,Sachin,3
181,37,Amitabh,4
182,37,Modi,1
183,37,Beatles,0
184,37,RStones,2
185,38,Sachin,4
186,38,Amitabh,1
187,38,Modi,3
188,38,Beatles,0
189,38,RStones,2
190,39,Sachin,0
191,39,Amitabh,1
192,39,Modi,2
193,39,Beatles,4
194,39,RStones,3
195,40,Sachin,4
196,40,Amitabh,0
197,40,Modi,2
198,40,Beatles,1
199,40,RStones,3
200,41,Sachin,2
201,41,Amitabh,1
202,41,Modi,0
203,41,Beatles,4
204,41,RStones,3
205,42,Sachin,3
206,42,Amitabh,1
207,42,Modi,2
208,42,Beatles,4
209,42,RStones,0
210,43,Sachin,0
211,43,Amitabh,1
212,43,Modi,3
213,43,Beatles,2
214,43,RStones,4
215,44,Sachin,3
216,44,Amitabh,0
217,44,Modi,4
218,44,Beatles,1
219,44,RStones,2
220,45,Sachin,2
221,45,Amitabh,0
222,45,Modi,4
223,45,Beatles,3
224,45,RStones,1
225,46,Sachin,3
226,46,Amitabh,4
227,46,Modi,0
228,46,Beatles,2
229,46,RStones,1
230,47,Sachin,1
231,47,Amitabh,0
232,47,Modi,4
233,47,Beatles,3
234,47,RStones,2
235,48,Sachin,3
236,48,Amitabh,4
237,48,Modi,0
238,48,Beatles,2
239,48,RStones,1
240,49,Sachin,2
241,49,Amitabh,1
242,49,Modi,4
243,49,Beatles,0
244,49,RStones,3
245,50,Sachin,0
246,50,Amitabh,4
247,50,Modi,3
248,50,Beatles,2
249,50,RStones,1
250,51,Sachin,3
251,51,Amitabh,0
252,51,Modi,1
253,51,Beatles,2
254,51,RStones,4
255,52,Sachin,3
256,52,Amitabh,1
257,52,Modi,2
258,52,Beatles,4
259,52,RStones,0
260,53,Sachin,1
261,53,Amitabh,4
262,53,Modi,3
263,53,Beatles,0
264,53,RStones,2
265,54,Sachin,0
266,54,Amitabh,3
267,54,Modi,4
268,54,Beatles,2
269,54,RStones,1
270,55,Sachin,4
271,55,Amitabh,1
272,55,Modi,2
273,55,Beatles,3
274,55,RStones,0
275,56,Sachin,4
276,56,Amitabh,3
277,56,Modi,1
278,56,Beatles,2
279,56,RStones,0
280,57,Sachin,4
281,57,Amitabh,1
282,57,Modi,3
283,57,Beatles,2
284,57,RStones,0
285,58,Sachin,1
286,58,Amitabh,2
287,58,Modi,4
288,58,Beatles,0
289,58,RStones,3
290,59,Sachin,2
291,59,Amitabh,0
292,59,Modi,1
293,59,Beatles,3
294,59,RStones,4
295,60,Sachin,1
296,60,Amitabh,0
297,60,Modi,2
298,60,Beatles,3
299,60,RStones,4
300,61,Sachin,1
301,61,Amitabh,2
302,61,Modi,4
303,61,Beatles,0
304,61,RStones,3
305,62,Sachin,1
306,62,Amitabh,3
307,62,Modi,0
308,62,Beatles,2
309,62,RStones,4
310,63,Sachin,0
311,63,Amitabh,4
312,63,Modi,3
313,63,Beatles,1
314,63,RStones,2
315,64,Sachin,4
316,64,Amitabh,2
317,64,Modi,1
318,64,Beatles,0
319,64,RStones,3
320,65,Sachin,0
321,65,Amitabh,1
322,65,Modi,2
323,65,Beatles,3
324,65,RStones,4
325,66,Sachin,4
326,66,Amitabh,0
327,66,Modi,1
328,66,Beatles,3
329,66,RStones,2
330,67,Sachin,1
331,67,Amitabh,4
332,67,Modi,0
333,67,Beatles,3
334,67,RStones,2
335,68,Sachin,4
336,68,Amitabh,3
337,68,Modi,1
338,68,Beatles,0
339,68,RStones,2
340,69,Sachin,0
341,69,Amitabh,2
342,69,Modi,4
343,69,Beatles,3
344,69,RStones,1
345,70,Sachin,0
346,70,Amitabh,1
347,70,Modi,3
348,70,Beatles,4
349,70,RStones,2
350,71,Sachin,0
351,71,Amitabh,1
352,71,Modi,3
353,71,Beatles,4
354,71,RStones,2
355,72,Sachin,4
356,72,Amitabh,1
357,72,Modi,2
358,72,Beatles,3
359,72,RStones,0
360,73,Sachin,1
361,73,Amitabh,3
362,73,Modi,0
363,73,Beatles,4
364,73,RStones,2
365,74,Sachin,4
366,74,Amitabh,3
367,74,Modi,2
368,74,Beatles,0
369,74,RStones,1
370,75,Sachin,0
371,75,Amitabh,3
372,75,Modi,4
373,75,Beatles,2
374,75,RStones,1
375,76,Sachin,3
376,76,Amitabh,2
377,76,Modi,0
378,76,Beatles,4
379,76,RStones,1
380,77,Sachin,4
381,77,Amitabh,2
382,77,Modi,1
383,77,Beatles,3
384,77,RStones,0
385,78,Sachin,1
386,78,Amitabh,4
387,78,Modi,0
388,78,Beatles,3
389,78,RStones,2
390,79,Sachin,4
391,79,Amitabh,0
392,79,Modi,3
393,79,Beatles,2
394,79,RStones,1
395,80,Sachin,1
396,80,Amitabh,2
397,80,Modi,0
398,80,Beatles,3
399,80,RStones,4
